LOCATION,SYMBOL (GENE NAME),GENE (GENE ID),REF,ALT,ZYGOSITY,ZYGOSITY LABEL,CODONS,SNPS/RSID,HGVSC VEP,HGVSP VEP,LOVD,AMINO ACIDS,MANE SELECT,MANE PLUS CLINICAL,SPLICEREGION,ACMG CLASSIFICATION,ACMG CLASSIFICATION LABEL,IMPACT,DP,GQ,PL,QUAL,FILTER,PHENOTYPES,CLINVAR CLNSIG,CLINSIG LABEL,CLINVAR REVIEW,ACMG DISEASE ID (OMIM/ORPHA ID),MOI,CLINVAR ORPHANET ID,CLINVAR MEDGEN ID,CLINVAR OMIM ID,PUBMED,CADD PHRED,CADD RAW,ALPHAMISSENSE RANKSCORE,ALPHAMISSENSE SCORE,CONSEQUENCE,LRT PRED,LRT SCORE,MUTATIONTASTER PRED,MUTATIONTASTER SCORE,ADA SCORE,RF SCORE,SIFT4G SCORE,SIFT4G PRED,REVEL SCORE,GERP++ NR,GERP++ RS,GERP++ RS RANKSCORE,AF,GNOMAD EXOMES SAS AF,1000GP3 SAS AF,ESP6500 EA AF,EXAC SAS AF
chr1:109890150,SORT1,ENSG00000134243,A,G,Heterozygous,HET,Tca/Cca,-,"c.379T>C,c.787T>C","p.Ser127Pro,p.Ser263Pro",-,S/P,-,-,-,LIKELY BENIGN,LB,MODERATE,6,12.0,,11.9,PASS,LOW DENSITY LIPOPROTEIN CHOLESTEROL LEVEL QUANTITATIVE TRAIT LOCUS,-,,-,,AD,-,-,-,-,15.76,1.740345,0.01668,"0.062,0.0639",missense_variant,N,0.027609,"N,N","1,1",-,-,"0.294,0.295","T,T","0.054,0.054",5.47,1.86,0.24489,-,-,-,-,-
chr1:162745557,DDR2,ENSG00000162733,G,C,Heterozygous,HET,Gag/Cag,"rs2102196123,COSV106514338","c.1972G>C,c.1972G>C,c.1972G>C","p.Glu658Gln,p.Glu658Gln,p.Glu658Gln",-,E/Q,-,-,-,UNCERTAIN SIGNIFICANCE,VUS,MODERATE,84,49.0,,51.4,PASS,"salivary gland squamous cell carcinoma, Breast Carcinoma by Gene Expression Profile, colon carcinoma, ganglioneuroblastoma, pharyngeal squamous cell carcinoma, skin carcinoma, Chordoid Meningioma, Lung carcinoma, Hodgkins lymphoma, gastric adenocarcinoma, Ovarian Endometrioid Adenocarcinoma with Squamous Differentiation, Multiple myeloma, Breast carcinoma, undifferentiated pleomorphic sarcoma, ND, thyroid carcinoma, cecum adenocarcinoma, pancreatic carcinoma, Acute myeloid leukemia, SPONDYLOMETAEPIPHYSEAL DYSPLASIA  SHORT LIMB-HAND TYPE, Hepatobiliary Neoplasm, prostate adenocarcinoma, cervical squamous cell carcinoma, adenosquamous lung carcinoma, Acute lymphoblastic leukemia, Ependymoma, Burkitts lymphoma, diffuse gastric adenocarcinoma, cervical carcinoma, Merkel cell skin cancer, Clear cell renal carcinoma, bladder transitional cell carcinoma, Hepatocellular Carcinoma, Testicular Teratoma, Uterine Carcinosarcoma, ovarian teratoma, large cell lung carcinoma, non-small cell lung carcinoma, bile duct carcinoma, Anaplastic astrocytoma, pancreatic neuroendocrine tumor, prostate carcinoma, ovarian mucinous adenocarcinoma, endometrium adenocarcinoma, Brain Stem Glioblastoma, head and neck squamous cell carcinoma, colon adenocarcinoma, squamous cell lung carcinoma, Chronic lymphocytic leukemia, oral squamous cell carcinoma, Spondyloepimetaphyseal dysplasia-short limb-abnormal calcification syndrome, testicular mixed germ cell tumor, rectal adenocarcinoma, Secretory Meningioma, pancreatic ductal adenocarcinoma, urothelial carcinoma, Endometrial Endometrioid Adenocarcinoma, Renal cell carcinoma, diffuse large B-cell lymphoma, large cell medulloblastoma, Bladder Small Cell Neuroendocrine Carcinoma, lymphoid neoplasm, Placental Choriocarcinoma, SPONDYLOEPIMETAPHYSEAL DYSPLASIA SHORT LIMB-HAND TYPE, brain glioblastoma, Thymic Squamous Cell Carcinoma, Gallbladder Small Cell Neuroendocrine Carcinoma, ovarian clear cell adenocarcinoma, lobular breast carcinoma, breast ductal adenocarcinoma, Melanoma, Lung adenocarcinoma, kidney neoplasm, Small cell lung carcinoma, Invasive Breast Carcinoma, colorectal adenocarcinoma, MANTLE CELL LYMPHOMA",-,,-,OMIM:618175,AD,-,-,-,-,29.5,5.534736,0.52630,".,0.2947,0.2956",missense_variant,D,0.000000,"D,D","1,1",-,-,".,0.055,0.055",".,T,T",".,0.512,0.512",5.11,5.11,0.69188,-,-,-,-,-
chr1:160100002,ATP1A2,ENSG00000018625,G,A,Heterozygous,HET,gaG/gaA,rs775192056,-,-,-,E,-,-,-,LIKELY BENIGN,LB,LOW,129,47.0,,51.3,PASS,"ATP1A2-related epileptic encephalopathy, ALTERNATING HEMIPLEGIA OF CHILDHOOD, Non-specific early-onset epileptic encephalopathy, Familial or sporadic hemiplegic migraine, Alternating hemiplegia of childhood 1, Autosomal recessive ATP1A2-related neuronal migration disorder with epilepsy, MIGRAINE  FAMILIAL HEMIPLEGIC  2, MIGRAINE  FAMILIAL HEMIPLEGIC  ATP1A2-related","benign,likely_benign,benign/likely_benign",,-,ORPHA:569,AD,-,-,-,-,11.98,0.999448,-,-,synonymous_variant,-,-,-,-,-,-,-,-,-,-,-,-,-,-,-,-,-
chr1:169096581,ATP1B1,ENSG00000143153,G,A,Heterozygous,HET,Ggc/Agc,-,"c.502G>A,c.502G>A,c.334G>A","p.Gly168Ser,p.Gly168Ser,p.Gly112Ser",-,G/S,-,-,-,UNCERTAIN SIGNIFICANCE,VUS,MODERATE,5,29.0,,29.4,PASS,-,-,,-,,AD,-,-,-,-,28.2,5.303740,0.82252,"0.8925,0.8925,0.8846",missense_variant,D,0.000000,"D,D,D,D","1,1,1,1",-,-,"0.005,0.005,0.0","D,D,D","0.627,0.627,.",6.02,6.02,0.97559,-,-,-,-,-
chr1:113459949,SLC16A1,ENSG00000155380,G,A,Heterozygous,HET,gCg/gTg,"rs562663172,CD177966,COSV63708732","c.1079C>T,c.1079C>T,c.1079C>T","p.Ala360Val,p.Ala360Val,p.Ala360Val",-,A/V,-,-,-,LIKELY BENIGN,LB,MODERATE,147,44.0,,44.8,PASS,"Exercise-induced hyperinsulinism, Metabolic myopathy due to lactate transporter defect, ERYTHROCYTE LACTATE TRANSPORTER DEFECT, Ketoacidosis due to monocarboxylate transporter-1 deficiency, HYPERINSULINEMIC HYPOGLYCEMIA  FAMILIAL  7",-,,-,,AD,-,-,-,-,25.6,4.747173,0.59810,"0.4042,0.3668,0.3928",missense_variant,D,0.000000,"D,D,D","1,1,1",-,-,"0.143,0.143,.","T,T,.","0.289,0.289,0.289",5.56,5.56,0.83678,0.0002,0.000000e+00,0.0010224948875255625,-,6.056e-05
chr1:39838190,MACF1,ENSG00000127603,G,A,Heterozygous,HET,Gaa/Aaa,rs1180830457,"c.13246G>A,c.13150G>A,c.6949G>A,c.13135G>A,c.8455G>A","p.Glu4416Lys,p.Glu4384Lys,p.Glu2317Lys,p.Glu4379Lys,p.Glu2819Lys",-,E/K,-,-,-,LIKELY BENIGN,LB,MODERATE,6,21.0,,21.6,PASS,"Defects in Neuronal Migration and Axon Guidance, Posterior-predominant lissencephaly-broad flat pons and medulla-midline crossing defects syndrome",-,,-,ORPHA:572013,"AD,AR",-,-,-,-,23.3,3.848628,0.05668,".,0.0754,.,0.072,.",missense_variant,N,0.001202,"D,D,D,D,D,D,D,D","0.92814,0.73871,0.73871,0.676695,0.676695,0.73871,0.991277,0.676695",-,-,".,.,0.125,.,.",".,.,T,.,.",".,0.134,0.134,.,0.134",5.87,5.87,0.94266,-,0.000000e+00,-,-,-
chr1:39838157,MACF1,ENSG00000127603,C,T,Heterozygous,HET,Cta/Tta,-,-,-,-,L,-,-,-,NOT AVAILABLE,,LOW,4,6.0,,13.7,PASS,"Posterior-predominant lissencephaly-broad flat pons and medulla-midline crossing defects syndrome, Defects in Neuronal Migration and Axon Guidance",-,,-,,"AD,AR",-,-,-,-,7.649,0.477484,-,-,synonymous_variant,-,-,-,-,-,-,-,-,-,-,-,-,-,-,-,-,-
chr1:35825005,ZMYM4,ENSG00000146463,G,T,Heterozygous,HET,Gat/Tat,rs762472410,c.565G>T,p.Asp189Tyr,-,D/Y,-,-,-,LIKELY BENIGN,LB,MODERATE,5,18.0,,24.9,PASS,-,-,,-,,AD,-,-,-,-,25.8,4.786906,0.50324,0.269,missense_variant,N,0.024468,"D,D","0.97329,0.97329",-,-,0.006,D,0.116,5.54,5.54,0.82907,-,-,-,-,0
chr1:17301829,MFAP2,ENSG00000117122,C,T,Heterozygous,HET,cGt/cAt,"rs373562256,COSV65003938","c.380G>A,c.383G>A","p.Arg127His,p.Arg128His","MFAP2,NM_002403.3,c.383G>A",R/H,-,-,-,UNCERTAIN SIGNIFICANCE,VUS,MODERATE,108,44.0,,45.3,PASS,-,-,,-,,AD,-,-,-,-,29.9,5.612797,0.80534,"0.8431,0.864",missense_variant,D,0.000001,"D,D,D","0.999529,0.999529,0.999529",-,-,"0.0,0.0","D,D","0.639,0.639",3.94,3.94,0.44807,-,1.159610e-05,-,1.1627906976744187E-4,0
chr1:197098384,ASPM,ENSG00000066279,T,C,Heterozygous,HET,gAt/gGt,-,"c.2693A>G,c.2693A>G,c.443A>G","p.Asp898Gly,p.Asp898Gly,p.Asp148Gly",-,D/G,-,-,-,UNCERTAIN SIGNIFICANCE,VUS,MODERATE,5,12.0,,15.3,PASS,"Primary Autosomal Recessive Microcephaly, Autosomal recessive primary microcephaly, MICROCEPHALY 5  PRIMARY  AUTOSOMAL RECESSIVE",-,,-,OMIM:608716,"AR,AD",-,-,-,-,25.6,4.725677,0.80216,"0.8305,0.8583,0.8363",missense_variant,D,0.000001,"D,D,D","1,1,1",-,-,"0.0,0.0,0.0","D,D,D","0.718,0.718,0.718",4.99,4.99,0.65942,-,-,-,-,-
chr1:197098388,ASPM,ENSG00000066279,G,A,Heterozygous,HET,Ctt/Ttt,-,"c.2689C>T,c.2689C>T,c.439C>T","p.Leu897Phe,p.Leu897Phe,p.Leu147Phe",-,L/F,-,-,-,UNCERTAIN SIGNIFICANCE,VUS,MODERATE,5,12.0,,16,PASS,"MICROCEPHALY 5  PRIMARY  AUTOSOMAL RECESSIVE, Primary Autosomal Recessive Microcephaly, Autosomal recessive primary microcephaly",-,,-,OMIM:608716,"AR,AD",-,-,-,-,27.3,5.150189,0.72352,"0.6623,0.6781,0.6852",missense_variant,D,0.000012,"D,D,D","1,1,1",-,-,"0.0,0.0,0.0","D,D,D","0.507,0.507,0.507",4.99,4.99,0.65942,-,-,-,-,-
chr1:197074187,ASPM,ENSG00000066279,A,G,Homozygous,HOM,-,COSV54126563,-,-,-,-,-,-,-,NOT AVAILABLE,,MODIFIER,2,5.0,,19.4,PASS,"MICROCEPHALY 5  PRIMARY  AUTOSOMAL RECESSIVE, Primary Autosomal Recessive Microcephaly, Autosomal recessive primary microcephaly",-,,-,,AR,-,-,-,-,5.494,0.283285,-,-,intron_variant,-,-,-,-,-,-,-,-,-,-,-,-,-,-,-,-,-
chr1:55571861,USP24,ENSG00000162402,G,A,Heterozygous,HET,cCa/cTa,-,c.4838C>T,p.Pro1613Leu,-,P/L,-,-,-,UNCERTAIN SIGNIFICANCE,VUS,MODERATE,15,18.0,,17.5,PASS,-,-,,-,,AD,-,-,-,-,26.0,4.851964,0.19720,0.1062,missense_variant,D,0.000114,"D,D","0.999984,0.999984",-,-,0.012,D,0.194,5.4,5.4,0.77957,-,-,-,-,-
chr1:20827616,MUL1,ENSG00000090432,C,A,Heterozygous,HET,cGc/cTc,"rs947831901,COSV51641470",c.626G>T,p.Arg209Leu,-,R/L,-,-,-,LIKELY BENIGN,LB,MODERATE,190,47.0,,53.1,PASS,-,-,,-,,AD,-,-,-,-,27.2,5.120917,0.51385,0.2808,missense_variant,D,0.000016,D,0.999868,-,-,0.133,T,0.124,6.16,6.16,0.99302,-,0.000000e+00,-,-,-
chr2:128075750,MAP3K2,ENSG00000169967,T,A,Heterozygous,HET,Agc/Tgc,-,"c.1189A>T,c.1189A>T","p.Ser397Cys,p.Ser397Cys",-,S/C,-,-,-,UNCERTAIN SIGNIFICANCE,VUS,MODERATE,13,14.0,,13.9,PASS,-,-,,-,,AD,-,-,-,-,25.7,4.749423,0.41843,"0.1948,0.1965",missense_variant,D,0.000000,"D,D","1,1",-,-,"0.006,0.006","D,D","0.419,0.419",5.69,5.69,0.88346,-,-,-,-,-
chr1:167973188,DCAF6,ENSG00000143164,G,T,Heterozygous,HET,Gca/Tca,-,"c.985G>T,c.1078G>T,c.1078G>T,c.1078G>T","p.Ala329Ser,p.Ala360Ser,p.Ala360Ser,p.Ala360Ser",-,A/S,-,-,-,UNCERTAIN SIGNIFICANCE,VUS,MODERATE,5,15.0,,20.8,PASS,-,-,,-,,AD,-,-,-,-,24.0,4.124780,0.26482,"0.1163,0.1253,0.0933,0.0808",missense_variant,D,0.000037,"D,D,D,D","1,1,1,1",-,-,"0.138,0.137,0.129,0.107","T,T,T,T","0.317,0.317,0.317,0.317",5.24,5.24,0.72863,-,-,-,-,-
chr2:39535100,MAP4K3,ENSG00000011566,G,A,Heterozygous,HET,aCt/aTt,rs904596743,c.1103C>T,p.Thr368Ile,-,T/I,-,-,-,LIKELY BENIGN,LB,MODERATE,5,14.0,,15.3,PASS,-,-,,-,,AD,-,-,-,-,24.4,4.312418,0.82395,0.8947,missense_variant,D,0.000022,"D,D,D,D","0.999769,1,1,1",-,-,0.141,T,0.246,5.83,5.83,0.93059,-,0.000000e+00,-,-,-
chr2:54159194,PSME4,ENSG00000068878,A,T,Heterozygous,HET,gTt/gAt,-,c.1094T>A,p.Val365Asp,-,V/D,-,-,-,UNCERTAIN SIGNIFICANCE,VUS,MODERATE,6,12.0,,11.7,PASS,-,-,,-,,AD,-,-,-,-,27.4,5.161878,0.92711,0.9869,"missense_variant,NMD_transcript_variant",D,0.000003,"D,D","1,1",-,-,0.002,D,0.520,5.77,5.77,0.91077,-,-,-,-,-
chr2:113344046,CHCHD5,ENSG00000125611,A,G,Heterozygous,HET,-,rs775831660,-,-,-,-,-,-,-,LIKELY BENIGN,LB,MODIFIER,42,46.0,,46.4,PASS,-,-,,-,,"AD,AR",-,-,-,-,3.861,0.159912,-,-,intron_variant,-,-,-,-,-,-,-,-,-,-,-,-,-,-,-,-,-
chr1:40697320,RLF,ENSG00000117000,T,A,Heterozygous,HET,aTa/aAa,-,c.1079T>A,p.Ile360Lys,-,I/K,-,-,-,UNCERTAIN SIGNIFICANCE,VUS,MODERATE,5,18.0,,18.4,PASS,-,-,,-,,AD,-,-,-,-,24.6,4.384174,0.95528,0.995,missense_variant,D,0.000994,D,1,-,-,0.004,D,0.340,5.89,4.77,0.60425,-,-,-,-,-
chr1:89236117,PKN2,ENSG00000065243,A,T,Heterozygous,HET,cAg/cTg,-,"c.587A>T,c.587A>T,c.587A>T","p.Gln196Leu,p.Gln196Leu,p.Gln196Leu",-,Q/L,-,-,-,UNCERTAIN SIGNIFICANCE,VUS,MODERATE,8,12.0,,12.5,PASS,-,-,,-,,AD,-,-,-,-,26.5,4.969050,0.49826,"0.2478,0.2295,0.2637",missense_variant,U,0.000652,"D,D,D,D","0.999962,0.999962,0.999962,0.999949",-,-,"0.007,0.013,0.008","D,D,D","0.257,0.257,0.257",5.35,5.35,0.76297,-,-,-,-,-
chr1:54497914,TMEM59,ENSG00000116209,AG,A,Homozygous,HOM,tCt/tt,-,-,-,-,S/X,-,-,-,UNCERTAIN SIGNIFICANCE,VUS,HIGH,2,4.0,,12.4,PASS,-,-,,-,,AR,-,-,-,-,-,-,-,-,frameshift_variant,-,-,-,-,-,-,-,-,-,-,-,-,-,-,-,-,-
chr1:70611542,LRRC40,ENSG00000066557,T,C,Homozygous,HOM,Ata/Gta,"rs762138260,COSV63941541",c.1750A>G,p.Ile584Val,-,I/V,-,-,-,LIKELY BENIGN,LB,MODERATE,2,5.0,,27.6,PASS,-,-,,-,,AR,-,-,-,-,17.55,2.184789,0.00834,0.0593,missense_variant,N,0.000002,D,0.999738,-,-,0.066,T,0.052,5.13,4.01,0.45821,-,3.486910e-05,-,-,6.113e-05
chr1:1226943,SCNN1D,ENSG00000162572,G,A,Heterozygous,HET,Gaa/Aaa,"rs754633644,COSV57639656","c.2362G>A,c.1870G>A,c.1870G>A,c.2068G>A","p.Glu788Lys,p.Glu624Lys,p.Glu624Lys,p.Glu690Lys",-,E/K,-,-,-,LIKELY BENIGN,LB,MODERATE,121,42.0,,43.9,PASS,-,uncertain_significance,,"criteria_provided,_single_submitter",,"AD,AR",-,C0950123,-,-,12.41,1.065122,0.05060,"0.0711,.,0.074,0.0709",missense_variant,N,0.042512,"N,N,N,N,N","1,1,1,1,1",-,-,"0.305,0.552,0.552,0.365","T,T,T,T","0.055,0.055,0.055,0.055",3.17,0.92,0.18524,-,2.372030e-05,-,-,0
chr1:1226726,SCNN1D,ENSG00000162572,C,T,Heterozygous,HET,ctC/ctT,rs969238319,-,-,-,L,-,-,-,NOT AVAILABLE,,LOW,165,46.0,,54.1,PASS,-,-,,-,,"AD,AR",-,-,-,-,0.526,-0.258515,-,-,synonymous_variant,-,-,-,-,-,-,-,-,-,-,-,-,-,-,-,-,-
chr1:102296256,OLFM3,ENSG00000118733,C,T,Heterozygous,HET,cGa/cAa,"rs558293456,COSV58804736","c.344G>A,c.119G>A,c.404G>A","p.Arg115Gln,p.Arg40Gln,p.Arg135Gln",-,R/Q,-,-,-,LIKELY BENIGN,LB,MODERATE,8,24.0,,24,PASS,-,-,,-,,AD,-,-,-,-,24.8,4.443027,0.25034,"0.0787,0.1208,0.0834",missense_variant,D,0.000000,"D,D,D,D","0.999922,0.999922,0.999922,0.999974",-,-,"0.387,0.29,0.382","T,T,T","0.132,0.132,0.132",5.41,5.41,0.78313,0.0002,4.637900e-05,0.0,-,0
chr1:178822021,ANGPTL1,ENSG00000116194,T,C,Heterozygous,HET,cAa/cGa,"rs766440885,COSV52367854","c.1085A>G,c.1085A>G","p.Gln362Arg,p.Gln362Arg",-,Q/R,-,-,-,UNCERTAIN SIGNIFICANCE,VUS,MODERATE,5,13.0,,12.7,PASS,-,-,,-,,AD,-,-,-,-,23.6,3.982510,0.54833,"0.3245,0.3107",missense_variant,D,0.000000,"D,D,D,D,D,D","1,1,1,1,1,1",-,-,"0.259,0.259","T,T","0.721,0.721",5.43,5.43,0.79006,-,1.159580e-05,-,-,0
chr1:117638913,TTF2,ENSG00000116830,G,A,Heterozygous,HET,Ggc/Agc,rs747173677,"c.3178G>A,c.121G>A","p.Gly1060Ser,p.Gly41Ser",-,G/S,-,-,-,LIKELY BENIGN,LB,MODERATE,78,52.0,,57.5,PASS,-,-,,"criteria_provided,_single_submitter",,AD,-,C0950123,-,-,19.40,2.648112,0.34667,"0.0797,0.1567",missense_variant,N,0.533728,D,0.997606,-,-,"0.135,0.369","T,T","0.188,0.188",4.1,0.00111,0.13367,-,0.000000e+00,-,-,0
chr2:68882412,PROKR1,ENSG00000169618,T,C,Heterozygous,HET,Tgc/Cgc,"rs200892456,COSV58136716","c.886T>C,c.886T>C","p.Cys296Arg,p.Cys296Arg",-,C/R,-,-,-,UNCERTAIN SIGNIFICANCE,VUS,MODERATE,148,42.0,,42.7,PASS,-,-,,-,,AD,-,-,-,-,28.7,5.402286,0.93792,"0.9904,0.9906",missense_variant,D,0.000000,"D,D","1,1",-,-,"0.0,0.0","D,D","0.698,0.698",4.68,4.68,0.58319,0.0002,0.000000e+00,0.0,-,0
chr2:17698776,RAD51AP2,ENSG00000214842,G,T,Homozygous,HOM,Cct/Act,-,c.907C>A,p.Pro303Thr,-,P/T,-,-,-,UNCERTAIN SIGNIFICANCE,VUS,MODERATE,2,5.0,,16.6,PASS,-,-,,-,,AR,-,-,-,-,20.9,3.037227,0.32992,0.1493,missense_variant,-,-,N,0.995028,-,-,0.0,D,0.198,4.72,3.83,0.43287,-,-,-,-,-
chr1:180063380,CEP350,ENSG00000135837,A,G,Heterozygous,HET,Aag/Gag,"rs758457003,COSV62601606","c.8140A>G,c.532A>G","p.Lys2714Glu,p.Lys178Glu",-,K/E,-,-,-,LIKELY BENIGN,LB,MODERATE,11,15.0,,32.4,PASS,-,-,,-,,AD,-,-,-,-,19.58,2.694483,0.29255,"0.11,0.1347",missense_variant,N,0.090558,N,0.992682,-,-,"0.264,0.294","T,T","0.155,0.155",5.73,5.73,0.89730,-,0.000000e+00,-,-,0
chr1:158450430,OR10R2,ENSG00000198965,C,T,Heterozygous,HET,Cgg/Tgg,"rs145324354,COSV63768446","c.730C>T,c.763C>T,c.730C>T","p.Arg244Trp,p.Arg255Trp,p.Arg244Trp","OR10R2,NM_001004472.1,c.763C>T",R/W,-,-,-,LIKELY BENIGN,LB,MODERATE,47,47.0,,46.8,PASS,-,-,,-,,AD,-,-,-,-,17.36,2.139127,0.30842,"0.1324,0.1287,0.1406",missense_variant,-,-,N,1,-,-,".,0.091,.",".,T,.",".,0.026,.",4.2,0.917,0.18507,-,1.855070e-04,-,1.1627906976744187E-4,3.030e-04
chr1:1226943,SCNN1D,ENSG00000162572,G,A,Heterozygous,HET,Gaa/Aaa,"rs754633644,COSV57639656","c.2362G>A,c.1870G>A,c.1870G>A,c.2068G>A","p.Glu788Lys,p.Glu624Lys,p.Glu624Lys,p.Glu690Lys",-,E/K,-,-,-,LIKELY BENIGN,LB,MODERATE,121,42.0,,43.9,PASS,-,uncertain_significance,,"criteria_provided,_single_submitter",,"AD,AR",-,C0950123,-,-,12.41,1.065122,0.05060,"0.0711,.,0.074,0.0709",missense_variant,N,0.042512,"N,N,N,N,N","1,1,1,1,1",-,-,"0.305,0.552,0.552,0.365","T,T,T,T","0.055,0.055,0.055,0.055",3.17,0.92,0.18524,-,2.372030e-05,-,-,0
chr1:1216882,SCNN1D,ENSG00000162572,G,A,Heterozygous,HET,-,"rs192142123,COSV105881084",-,-,-,-,-,-,-,LIKELY BENIGN,LB,MODIFIER,166,55.0,,56.7,PASS,-,-,,-,,AR,-,-,-,-,16.29,1.872395,-,-,upstream_gene_variant,-,-,-,-,-,-,-,-,-,-,-,-,0.0010,-,-,-,-
chr1:1226726,SCNN1D,ENSG00000162572,C,T,Heterozygous,HET,ctC/ctT,rs969238319,-,-,-,L,-,-,-,NOT AVAILABLE,,LOW,165,46.0,,54.1,PASS,-,-,,-,,"AD,AR",-,-,-,-,0.526,-0.258515,-,-,synonymous_variant,-,-,-,-,-,-,-,-,-,-,-,-,-,-,-,-,-
chr1:154842199-154842200,KCNN3,ENSG00000143603,G,GGCTGCTGCTGCTGCT,Heterozygous,HET,cca/cAGCAGCAGCAGCAGCca,"rs3831942,COSV55211916,COSV55212596,COSV55220080,COSV55220088",-,-,-,P/QQQQQP,-,-,-,LIKELY BENIGN,LB,MODERATE,319,5.0,,28.9,PASS,Zimmermann-Laband syndrome,-,,-,ORPHA:3473,AD,-,-,-,24033266,17.05,2.062690,-,-,inframe_insertion,-,-,-,-,-,-,-,-,-,-,-,-,-,-,-,-,-
chr2:113344046,CHCHD5,ENSG00000125611,A,G,Heterozygous,HET,-,rs775831660,-,-,-,-,-,-,-,LIKELY BENIGN,LB,MODIFIER,42,46.0,,46.4,PASS,-,-,,-,,"AD,AR",-,-,-,-,3.861,0.159912,-,-,intron_variant,-,-,-,-,-,-,-,-,-,-,-,-,-,-,-,-,-
chr2:113343886,CHCHD5,ENSG00000125611,C,T,Heterozygous,HET,Cgc/Tgc,rs79064914,"c.253C>T,c.253C>T","p.Arg85Cys,p.Arg85Cys","CHCHD5,NM_032309.2,c.253C>T",R/C,-,-,-,LIKELY BENIGN,LB,MODERATE,149,45.0,,45.2,PASS,-,-,,-,,AR,-,-,-,-,31,5.661719,0.49137,"0.2249,0.2566",missense_variant,N,0.057390,"D,D","0.999392,0.999392",-,-,".,.",".,.","0.190,0.190",4.64,3.76,0.42368,0.0018,7.071810e-04,0.0010224948875255625,1.1627906976744187E-4,7.876e-04
chr2:20453670,PUM2,ENSG00000055917,G,T,Heterozygous,HET,acC/acA,rs773495478,-,-,-,T,-,-,-,UNCERTAIN SIGNIFICANCE,VUS,LOW,6,18.0,,37.5,PASS,-,-,,-,,AD,-,-,-,-,14.44,1.436245,-,-,synonymous_variant,-,-,-,-,-,-,-,-,-,-,-,-,-,-,-,-,-
chr1:144915623,PDE4DIP,ENSG00000178104,CA,C,Homozygous,HOM,cTg/cg,rs1553521267,-,-,-,L/X,-,-,-,UNCERTAIN SIGNIFICANCE,VUS,HIGH,25,37.0,,51.4,PASS,"Ependymoma, diffuse gastric adenocarcinoma, bladder transitional cell carcinoma, Ocular Melanoma, neoplasm of mature B-cells, Hepatobiliary Neoplasm, Ovarian Endometrioid Adenocarcinoma with Squamous Differentiation, thyroid carcinoma, cecum adenocarcinoma, Breast carcinoma, Breast Carcinoma by Gene Expression Profile, OSTEOSARCOMA, skin carcinoma, soft tissue sarcoma, Lung carcinoma, Hodgkins lymphoma, Placental Choriocarcinoma, Gallbladder Small Cell Neuroendocrine Carcinoma, B-cell acute lymphoblastic leukemia, Lung adenocarcinoma, Oligoastrocytoma, colorectal adenocarcinoma, kidney neoplasm, thyroid neoplasm, Neoplasm, large cell medulloblastoma, Bladder Small Cell Neuroendocrine Carcinoma, Pleural Epithelioid Mesothelioma, colonic neoplasm, Brain Stem Glioblastoma, squamous cell lung carcinoma, colon adenocarcinoma, head and neck squamous cell carcinoma, Pancreatic adenocarcinoma, angiosarcoma, bile duct carcinoma, Gastric Adenoma, prostate carcinoma, Acute lymphoblastic leukemia, Burkitts lymphoma, Merkel cell skin cancer, Clear cell renal carcinoma, Hepatocellular Carcinoma, Astrocytoma, cervical squamous cell carcinoma, prostate adenocarcinoma, gastric adenocarcinoma, Multiple myeloma, ND, pancreatic carcinoma, Acute myeloid leukemia, colon carcinoma, pharyngeal squamous cell carcinoma, T-cell acute lymphoblastic leukemia, Uveal melanoma, lymphoid neoplasm, brain glioblastoma, ovarian clear cell adenocarcinoma, lobular breast carcinoma, breast ductal adenocarcinoma, Melanoma, Small cell lung carcinoma, pancreatic ductal adenocarcinoma, rectal adenocarcinoma, diffuse large B-cell lymphoma, Endometrial Endometrioid Adenocarcinoma, Appendix Adenocarcinoma, oral squamous cell carcinoma, Chronic lymphocytic leukemia, non-small cell lung carcinoma, Uterine Carcinosarcoma, pancreatic neuroendocrine tumor",-,,-,,AR,-,-,-,-,34,6.759409,-,-,frameshift_variant,-,-,-,-,-,-,-,-,-,-,-,-,-,-,-,-,-
chr1:173455516,PRDX6,ENSG00000117592,G,C,Heterozygous,HET,agG/agC,rs529302215,c.522G>C,p.Arg174Ser,-,R/S,-,-,-,LIKELY BENIGN,LB,MODERATE,20,43.0,,46.8,PASS,-,-,,-,,AD,-,-,-,-,12.12,1.020608,0.63642,0.4797,missense_variant,N,0.001709,N,0.827874,-,-,0.328,T,0.043,5.63,0.345,0.15249,0.0004,1.054800e-04,0.002044989775051125,-,2.455e-04
chr1:13109220,PRAMEF6,ENSG00000232423,G,A,Homozygous,HOM,gCc/gTc,"rs1462709355,COSV66028818",c.1055C>T,p.Ala352Val,-,A/V,-,-,-,UNCERTAIN SIGNIFICANCE,VUS,MODERATE,38,,1.0,47.7,PASS,-,-,,-,,AR,-,-,-,-,15.02,1.564987,0.38390,0.1755,missense_variant,N,0.471918,"N,N,N","0.999997,0.999997,0.998381",-,-,0.014,D,-,1.21,1.21,0.20240,-,-,-,-,-
chr1:13109165,PRAMEF6,ENSG00000232423,G,A,Homozygous,HOM,aaC/aaT,rs1553173144,-,-,-,N,-,-,-,NOT AVAILABLE,,LOW,83,,0.987952,22.7,PASS,-,-,,-,,AR,-,-,-,-,4.989,0.243732,-,-,synonymous_variant,-,-,-,-,-,-,-,-,-,-,-,-,-,-,-,-,-
chr2:24494674,ITSN2,ENSG00000198399,G,T,Heterozygous,HET,Cgt/Agt,rs778442538,"c.2137C>A,c.2218C>A,c.2167C>A,c.2218C>A","p.Arg713Ser,p.Arg740Ser,p.Arg723Ser,p.Arg740Ser",-,R/S,-,-,-,LIKELY BENIGN,LB,MODERATE,7,24.0,,24.7,PASS,-,-,,-,,AD,-,-,-,-,11.52,0.931692,0.40015,"0.1793,0.1621,0.1849,0.1587",missense_variant,N,0.207613,"N,N,N,N","1,1,1,1",-,-,"0.31,0.309,0.301,0.205","T,T,T,T","0.052,0.052,.,0.052",4.44,-8.88,0.00679,-,0.000000e+00,-,-,0
chr2:113069490,ZC3H6,ENSG00000188177,T,C,Heterozygous,HET,ttT/ttC,-,-,-,-,F,-,-,-,UNCERTAIN SIGNIFICANCE,VUS,LOW,12,12.0,,11.9,PASS,-,-,,-,,AD,-,-,-,-,11.39,0.914111,-,-,synonymous_variant,-,-,-,-,-,-,-,-,-,-,-,-,-,-,-,-,-
chr1:47761445,STIL,ENSG00000123473,C,T,Homozygous,HOM,ttG/ttA,-,-,-,-,L,-,-,-,UNCERTAIN SIGNIFICANCE,VUS,LOW,2,4.0,,12.6,PASS,"bladder transitional cell carcinoma, Semilobar holoprosencephaly, Ependymoma, Hepatobiliary Neoplasm, neoplasm of mature B-cells, Lung Sclerosing Hemangioma, Breast carcinoma, cecum adenocarcinoma, thyroid carcinoma, Ovarian Endometrioid Adenocarcinoma with Squamous Differentiation, Lung carcinoma, soft tissue sarcoma, skin carcinoma, microcephaly primary type 7, Alobar holoprosencephaly, kidney neoplasm, colorectal adenocarcinoma, MANTLE CELL LYMPHOMA, Lung adenocarcinoma, B-cell acute lymphoblastic leukemia, Placental Choriocarcinoma, Bladder Small Cell Neuroendocrine Carcinoma, thyroid neoplasm, Pancreatic adenocarcinoma, colon adenocarcinoma, head and neck squamous cell carcinoma, squamous cell lung carcinoma, Midline interhemispheric variant of holoprosencephaly, Chronic myelogenous leukemia, prostate carcinoma, bile duct carcinoma, Hepatocellular Carcinoma, Clear cell renal carcinoma, adenosquamous lung carcinoma, Acute lymphoblastic leukemia, Burkitts lymphoma, cervical squamous cell carcinoma, prostate adenocarcinoma, Acute myeloid leukemia, ND, Autosomal recessive primary microcephaly, Multiple myeloma, gastric adenocarcinoma, colon carcinoma, MICROCEPHALY 7  PRIMARY  AUTOSOMAL RECESSIVE, Cutaneous T-cell lymphoma, Small cell lung carcinoma, Melanoma, breast ductal adenocarcinoma, brain glioblastoma, lymphoid neoplasm, Septopreoptic holoprosencephaly, T-cell acute lymphoblastic leukemia, Lobar holoprosencephaly, Endometrial Endometrioid Adenocarcinoma, diffuse large B-cell lymphoma, rectal adenocarcinoma, pancreatic ductal adenocarcinoma, Chronic lymphocytic leukemia, oral squamous cell carcinoma, Precursor T-cell acute lymphoblastic leukemia, pancreatic neuroendocrine tumor",-,,-,,AR,-,-,-,-,9.905,0.722725,-,-,synonymous_variant,-,-,-,-,-,-,-,-,-,-,-,-,-,-,-,-,-
chr1:173772470,CENPL,ENSG00000120334,A,G,Heterozygous,HET,acT/acC,-,-,-,-,T,-,-,-,UNCERTAIN SIGNIFICANCE,VUS,LOW,15,12.0,,11.5,PASS,-,-,,-,,AD,-,-,-,-,8.383,0.552346,-,-,synonymous_variant,-,-,-,-,-,-,-,-,-,-,-,-,-,-,-,-,-
chr2:86271397,POLR1A,ENSG00000068654,G,A,Heterozygous,HET,gtC/gtT,rs765358426,-,-,-,V,-,-,-,UNCERTAIN SIGNIFICANCE,VUS,LOW,147,53.0,,58.7,PASS,"Acrofacial dysostosis  cincinnati type, BURN-MCKEOWN SYNDROME",-,,-,ORPHA:1200,AD,-,-,-,-,7.365,0.449701,-,-,synonymous_variant,-,-,-,-,-,-,-,-,-,-,-,-,-,-,-,-,-
chr2:55252225,RTN4,ENSG00000115310,A,T,Homozygous,HOM,-,-,-,-,-,-,-,-,-,LIKELY BENIGN,LB,MODIFIER,4,6.0,,23.1,PASS,-,-,,-,,AR,-,-,-,-,24.4,4.305526,-,-,intron_variant,-,-,-,-,-,-,-,-,-,-,-,-,-,-,-,-,-
chr1:16265865,ZBTB17,ENSG00000116809,C,G,Heterozygous,HET,-,rs1164021810,-,-,-,-,-,-,-,UNCERTAIN SIGNIFICANCE,VUS,MODIFIER,221,39.0,,44.1,PASS,"Pancreatic Acinar Cell Carcinoma, large cell lung carcinoma, non-small cell lung carcinoma, Anaplastic astrocytoma, Uterine Carcinosarcoma, pancreatic neuroendocrine tumor, testicular seminoma, Testicular Yolk Sac Tumor, oral squamous cell carcinoma, pseudomyxoma peritonei, Chronic lymphocytic leukemia, diffuse large B-cell lymphoma, Endometrial Endometrioid Adenocarcinoma, Salivary Gland Carcinoma ex Pleomorphic Adenoma, pancreatic ductal adenocarcinoma, urothelial carcinoma, rectal adenocarcinoma, testicular mixed germ cell tumor, plasmacytoma, Melanoma, Small cell lung carcinoma, T-cell acute lymphoblastic leukemia, lymphoid neoplasm, brain glioblastoma, breast ductal adenocarcinoma, lobular breast carcinoma, Hairy cell leukemia, pharyngeal squamous cell carcinoma, salivary gland squamous cell carcinoma, SPEN-related developmental disorder monoallelic, Signet Ring Cell Gastric Adenocarcinoma, colon carcinoma, ND, pancreatic carcinoma, Acute myeloid leukemia, Malignant Germ Cell Tumor, gastric adenocarcinoma, Multiple myeloma, prostate adenocarcinoma, cervical squamous cell carcinoma, Astrocytoma, small cell carcinoma, Merkel cell skin cancer, Clear cell renal carcinoma, Hepatocellular Carcinoma, Acute lymphoblastic leukemia, Burkitts lymphoma, adenosquamous lung carcinoma, prostate carcinoma, bile duct carcinoma, Parathyroid Gland Carcinoma, Gastric Adenoma, squamous cell lung carcinoma, colon adenocarcinoma, head and neck squamous cell carcinoma, ovarian mucinous adenocarcinoma, colonic neoplasm, Brain Stem Glioblastoma, Borderline Ovarian Mucinous Tumor, Bladder Small Cell Neuroendocrine Carcinoma, thyroid neoplasm, Neoplasm, Lung adenocarcinoma, Thymic Carcinoma, Invasive Breast Carcinoma, colorectal adenocarcinoma, MANTLE CELL LYMPHOMA, kidney neoplasm, Placental Choriocarcinoma, Gallbladder Small Cell Neuroendocrine Carcinoma, skin carcinoma, soft tissue sarcoma, Lung carcinoma, Hodgkins lymphoma, Breast Carcinoma by Gene Expression Profile, OSTEOSARCOMA, anaplastic large cell lymphoma, thyroid carcinoma, cecum adenocarcinoma, Breast carcinoma, Sinonasal Undifferentiated Carcinoma, Ovarian Endometrioid Adenocarcinoma with Squamous Differentiation, Hepatobiliary Neoplasm, 1p36 deletion syndrome, neoplasm of mature B-cells, bladder transitional cell carcinoma, diffuse gastric adenocarcinoma",-,,-,OMIM:619312,AD,-,-,-,-,6.534,0.372185,-,-,downstream_gene_variant,-,-,-,-,-,-,-,-,-,-,-,-,-,-,-,-,-
chr1:173628457,ANKRD45,ENSG00000183831,C,A,Heterozygous,HET,gGc/gTc,rs766816691,c.101G>T,p.Gly34Val,-,G/V,-,-,-,BENIGN,BEN,MODERATE,12,16.0,,16.3,PASS,-,-,,-,,AD,-,-,-,-,0.688,-0.202923,0.04238,0.072,missense_variant,N,0.617177,N,0.999995,-,-,0.157,T,0.002,5.64,-2.35,0.06302,-,0.000000e+00,-,-,0
chr1:235884145,LYST,ENSG00000143669,C,T,Heterozygous,HET,Ggt/Agt,-,c.9376G>A,p.Gly3126Ser,-,G/S,-,-,-,UNCERTAIN SIGNIFICANCE,VUS,MODERATE,3,19.0,,19.9,PASS,"Attenuated Chediak-Higashi syndrome, Chediak-Higashi syndrome",-,,-,,AD,-,-,-,-,24.1,4.193332,0.20117,0.1072,missense_variant,D,0.000000,"D,D","1,1",-,-,0.051,T,0.253,5.64,5.64,0.86480,-,0.000000e+00,-,-,-
chr1:109486602,CLCC1,ENSG00000121940,C,G,Heterozygous,HET,-,-,-,-,-,-,-,-,-,UNCERTAIN SIGNIFICANCE,VUS,MODIFIER,5,15.0,,15.6,PASS,Retinitis pigmentosa,-,,-,,"AD,AR",-,-,-,-,22.8,3.678168,-,-,intron_variant,-,-,-,-,-,-,-,-,-,-,-,-,-,-,-,-,-
chr1:109486602,CLCC1,ENSG00000121940,C,G,Heterozygous,HET,-,-,-,-,-,-,-,-,-,UNCERTAIN SIGNIFICANCE,VUS,MODIFIER,5,15.0,,15.6,PASS,Retinitis pigmentosa,-,,-,OMIM:609913,"AD,AR",-,-,-,-,22.8,3.678168,-,-,intron_variant,-,-,-,-,-,-,-,-,-,-,-,-,-,-,-,-,-
chr1:109477385,GPSM2,ENSG00000121957,G,T,Heterozygous,HET,-,rs775931647,-,-,-,-,-,-,-,UNCERTAIN SIGNIFICANCE,VUS,MODIFIER,184,49.0,,51.8,PASS,Retinitis pigmentosa,likely_benign,,-,OMIM:609913,AR,-,-,-,-,0.524,-0.259393,-,-,downstream_gene_variant,-,-,-,-,-,-,-,-,-,-,-,-,-,-,-,-,-
chr1:197098384,ASPM,ENSG00000066279,T,C,Heterozygous,HET,gAt/gGt,-,"c.2693A>G,c.2693A>G,c.443A>G","p.Asp898Gly,p.Asp898Gly,p.Asp148Gly",-,D/G,-,-,-,UNCERTAIN SIGNIFICANCE,VUS,MODERATE,5,12.0,,15.3,PASS,"Primary Autosomal Recessive Microcephaly, Autosomal recessive primary microcephaly, MICROCEPHALY 5  PRIMARY  AUTOSOMAL RECESSIVE",-,,-,,"AR,AD",-,-,-,-,25.6,4.725677,0.80216,"0.8305,0.8583,0.8363",missense_variant,D,0.000001,"D,D,D","1,1,1",-,-,"0.0,0.0,0.0","D,D,D","0.718,0.718,0.718",4.99,4.99,0.65942,-,-,-,-,-
chr1:197098388,ASPM,ENSG00000066279,G,A,Heterozygous,HET,Ctt/Ttt,-,"c.2689C>T,c.2689C>T,c.439C>T","p.Leu897Phe,p.Leu897Phe,p.Leu147Phe",-,L/F,-,-,-,NOT AVAILABLE,,MODERATE,5,12.0,,16,PASS,"MICROCEPHALY 5  PRIMARY  AUTOSOMAL RECESSIVE, Primary Autosomal Recessive Microcephaly, Autosomal recessive primary microcephaly",-,,-,,"AR,AD",-,-,-,-,27.3,5.150189,0.72352,"0.6623,0.6781,0.6852",missense_variant,D,0.000012,"D,D,D","1,1,1",-,-,"0.0,0.0,0.0","D,D,D","0.507,0.507,0.507",4.99,4.99,0.65942,-,-,-,-,-
chr1:63876918,ALG6,ENSG00000088035,A,T,Heterozygous,HET,tAt/tTt,-,"c.596A>T,c.596A>T","p.Tyr199Phe,p.Tyr199Phe",-,Y/F,-,-,-,UNCERTAIN SIGNIFICANCE,VUS,MODERATE,11,12.0,,11.7,PASS,"ALG6-CDG, CONGENITAL DISORDER OF GLYCOSYLATION  TYPE Ic",-,,-,,AD,-,-,-,-,25.9,4.816051,0.36574,".,0.1659",missense_variant,D,0.000000,"D,D","1,1",-,-,"0.076,.","T,.","0.578,0.578",5.55,5.55,0.83298,-,-,-,-,-
chr2:27688722,IFT172,ENSG00000138002,C,T,Heterozygous,HET,Ggg/Agg,"rs762521619,COSV53129589",c.1720G>A,p.Gly574Arg,-,G/R,-,-,-,LIKELY BENIGN,LB,MODERATE,134,46.0,,48.2,PASS,"Jeune syndrome, Saldino-Mainzer syndrome, Retinitis pigmentosa, Mainzer-Saldino Syndrome, SHORT-RIB THORACIC DYSPLASIA 10 WITH OR WITHOUT POLYDACTYLY, Bardet-Biedl Syndrome",uncertain_significance,,"criteria_provided,_multiple_submitters,_no_conflicts",,AD,474 | 791,CN517202 | C3810175 | C4225342 | C4310707,615630 | 616394 | 619471,-,22.8,3.666912,0.11654,0.088,missense_variant,N,0.038584,N,0.999469,-,-,0.028,D,0.028,5.48,4.6,0.56512,-,3.477940e-05,-,-,0
chr1:16257234,SPEN,ENSG00000065526,T,G,Homozygous,HOM,aTt/aGt,-,c.4499T>G,p.Ile1500Ser,-,I/S,-,-,-,LIKELY BENIGN,LB,MODERATE,4,4.0,,11.8,PASS,"Hodgkins lymphoma, Lung carcinoma, skin carcinoma, soft tissue sarcoma, OSTEOSARCOMA, Breast Carcinoma by Gene Expression Profile, anaplastic large cell lymphoma, cecum adenocarcinoma, thyroid carcinoma, Breast carcinoma, Ovarian Endometrioid Adenocarcinoma with Squamous Differentiation, Sinonasal Undifferentiated Carcinoma, Hepatobiliary Neoplasm, neoplasm of mature B-cells, 1p36 deletion syndrome, bladder transitional cell carcinoma, diffuse gastric adenocarcinoma, prostate carcinoma, Gastric Adenoma, bile duct carcinoma, Parathyroid Gland Carcinoma, squamous cell lung carcinoma, colon adenocarcinoma, head and neck squamous cell carcinoma, colonic neoplasm, Brain Stem Glioblastoma, ovarian mucinous adenocarcinoma, Bladder Small Cell Neuroendocrine Carcinoma, Borderline Ovarian Mucinous Tumor, Neoplasm, thyroid neoplasm, MANTLE CELL LYMPHOMA, colorectal adenocarcinoma, Thymic Carcinoma, Invasive Breast Carcinoma, kidney neoplasm, Lung adenocarcinoma, Gallbladder Small Cell Neuroendocrine Carcinoma, Placental Choriocarcinoma, Hairy cell leukemia, pharyngeal squamous cell carcinoma, Signet Ring Cell Gastric Adenocarcinoma, SPEN-related developmental disorder monoallelic, colon carcinoma, salivary gland squamous cell carcinoma, Acute myeloid leukemia, pancreatic carcinoma, ND, Multiple myeloma, Malignant Germ Cell Tumor, gastric adenocarcinoma, prostate adenocarcinoma, cervical squamous cell carcinoma, Astrocytoma, Hepatocellular Carcinoma, small cell carcinoma, Clear cell renal carcinoma, Merkel cell skin cancer, Acute lymphoblastic leukemia, Burkitts lymphoma, adenosquamous lung carcinoma, Pancreatic Acinar Cell Carcinoma, pancreatic neuroendocrine tumor, Anaplastic astrocytoma, non-small cell lung carcinoma, large cell lung carcinoma, Uterine Carcinosarcoma, oral squamous cell carcinoma, Chronic lymphocytic leukemia, pseudomyxoma peritonei, testicular seminoma, Testicular Yolk Sac Tumor, diffuse large B-cell lymphoma, Endometrial Endometrioid Adenocarcinoma, urothelial carcinoma, pancreatic ductal adenocarcinoma, testicular mixed germ cell tumor, rectal adenocarcinoma, Salivary Gland Carcinoma ex Pleomorphic Adenoma, Small cell lung carcinoma, plasmacytoma, Melanoma, lobular breast carcinoma, breast ductal adenocarcinoma, T-cell acute lymphoblastic leukemia, brain glioblastoma, lymphoid neoplasm",-,,-,,AR,-,-,-,-,23.7,4.035682,0.82415,0.895,missense_variant,-,-,D,0.999985,-,-,0.089,T,0.173,5.17,5.17,0.70848,-,-,-,-,-
chr1:94667313,ARHGAP29,ENSG00000137962,C,T,Heterozygous,HET,cGg/cAg,"rs770096777,COSV53112228",c.1244G>A,p.Arg415Gln,-,R/Q,-,-,-,LIKELY BENIGN,LB,MODERATE,14,12.0,,12.2,PASS,Cleft lip/palate,-,,-,,AD,-,-,-,-,21.9,3.344817,0.24088,0.118,missense_variant,N,0.080120,D,0.999903,-,-,0.2,T,0.018,5.93,2.96,0.33383,-,5.799520e-05,-,-,0
chr1:62970308,DOCK7,ENSG00000116641,A,G,Heterozygous,HET,aTt/aCt,rs985012299,"c.4730T>C,c.4730T>C,c.4664T>C,c.2030T>C,c.4637T>C,c.4637T>C,c.4757T>C","p.Ile1577Thr,p.Ile1577Thr,p.Ile1555Thr,p.Ile677Thr,p.Ile1546Thr,p.Ile1546Thr,p.Ile1586Thr",-,I/T,-,-,-,UNCERTAIN SIGNIFICANCE,VUS,MODERATE,23,38.0,,37.9,PASS,"Early-onset epileptic encephalopathy-cortical blindness-intellectual disability-facial dysmorphism syndrome, EPILEPTIC ENCEPHALOPATHY  EARLY INFANTILE  23",uncertain_significance,,"criteria_provided,_single_submitter",,AD,411986,C4014492,615859,-,24.5,4.337603,0.78201,"0.8034,0.8023,0.7798,0.6099,0.7397,0.7829,0.8193",missense_variant,D,0.000000,"D,D","1,1",-,-,"0.181,0.181,0.179,.,0.181,0.181,0.18","T,T,T,.,T,T,T","0.535,.,0.535,.,.,.,.",5.41,5.41,0.78313,-,0.000000e+00,-,-,-
chr2:99681437,TSGA10,ENSG00000135951,C,T,Heterozygous,HET,Gaa/Aaa,rs1259179617,"c.1369G>A,c.1369G>A,c.1369G>A,c.1369G>A,c.1369G>A","p.Glu457Lys,p.Glu457Lys,p.Glu457Lys,p.Glu457Lys,p.Glu457Lys",-,E/K,-,-,-,LIKELY BENIGN,LB,MODERATE,5,17.0,,23.5,PASS,-,-,,-,,AD,-,-,-,-,25.6,4.738221,0.68854,".,0.5994,0.5951,0.581,0.3822",missense_variant,D,0.000001,"D,D,D,D","0.997623,0.997623,0.997623,0.997623",-,-,"0.011,0.011,0.011,.,.","D,D,D,.,.","0.144,0.144,0.144,0.144,0.144",5.3,5.3,0.74745,-,-,-,-,-
chr1:197026176,F13B,ENSG00000143278,G,A,Heterozygous,HET,Cgt/Tgt,"rs559428305,COSV66373164",c.1138C>T,p.Arg380Cys,-,R/C,-,-,-,UNCERTAIN SIGNIFICANCE,VUS,MODERATE,12,24.0,,23.5,PASS,"FACTOR XIII  B SUBUNIT  DEFICIENCY OF, Congenital factor XIII deficiency",uncertain_significance,,"criteria_provided,_single_submitter",,AD,-,C0950123,-,-,20.2,2.827181,0.41218,0.1924,missense_variant,N,0.733227,N,1,-,-,0.017,D,0.281,5.99,2.83,0.32150,-,4.637570e-05,-,-,-
chr1:10166635,UBE4B,ENSG00000130939,C,T,Heterozygous,HET,-,rs772841228,-,-,-,-,-,-,-,LIKELY BENIGN,LB,MODIFIER,213,51.0,,56.7,PASS,1p36 deletion syndrome,-,,-,,AD,-,-,-,-,24.4,4.303861,-,-,intron_variant,-,-,-,-,-,-,-,-,-,-,-,-,-,-,-,-,-
chr1:57341837,C8A,ENSG00000157131,G,A,Heterozygous,HET,tGc/tAc,rs145228353,c.419G>A,p.Cys140Tyr,-,C/Y,-,-,-,UNCERTAIN SIGNIFICANCE,VUS,MODERATE,154,51.0,,55.6,PASS,"COMPLEMENT COMPONENT 8 DEFICIENCY  TYPE I, Immunodeficiency due to a late component of complement deficiency",-,,-,,AD,-,-,-,35444447,25.6,4.740326,0.81206,0.8756,missense_variant,D,0.000000,D,1,-,-,0.009,D,0.785,5.84,5.84,0.93373,0.0002,0.000000e+00,0.0,-,0
chr2:44549869,PREPL,ENSG00000138078,C,A,Heterozygous,HET,-,rs148092524,-,-,"PREPL,NM_006036.4,c.2020+1G>T",-,-,-,extended_intronic_splice_region_variant,UNCERTAIN SIGNIFICANCE,VUS,HIGH,10,31.0,,30.8,PASS,"Hypotonia-cystinuria syndrome, Atypical hypotonia - cystinuria syndrome, 2p21 microdeletion syndrome without cystinuria, 2p21 microdeletion syndrome",pathogenic/likely_pathogenic,,-,,AD,-,-,-,"24610330,28726805,16199547,29913539",34,6.786998,-,-,splice_donor_variant,-,-,-,-,0.999916487880886,0.942,-,-,-,-,-,-,0.0006,-,-,-,-
chr1:100345561,AGL,ENSG00000162688,A,G,Heterozygous,HET,aAt/aGt,rs180768312,"c.1694A>G,c.1694A>G,c.1694A>G,c.1694A>G,c.1646A>G","p.Asn565Ser,p.Asn565Ser,p.Asn565Ser,p.Asn565Ser,p.Asn549Ser","AGL,NM_000028.2,c.1694A>G",N/S,-,-,-,UNCERTAIN SIGNIFICANCE,VUS,MODERATE,4,17.0,,17.1,PASS,"Glycogen Storage Disease Type III, GLYCOGEN STORAGE DISEASE III, Glycogen storage disease due to glycogen debranching enzyme deficiency",uncertain_significance,,"criteria_provided,_multiple_submitters,_no_conflicts",,AD,366,C0017922,232400,-,25.0,4.534414,0.57646,".,0.3597,.,0.367,0.3122",missense_variant,D,0.000000,"D,D,D,D,D,D,D","1,1,1,1,1,1,1",-,-,"0.019,0.019,0.019,0.019,0.028","D,D,D,D,D","0.510,0.510,0.510,0.510,0.510",5.57,5.57,0.84021,0.0002,2.318890e-05,0.0,0.0,6.057e-05
chr1:23648067,HNRNPR,ENSG00000125944,C,T,Homozygous,HOM,aaG/aaA,rs1645760995,-,-,-,K,-,-,-,UNCERTAIN SIGNIFICANCE,VUS,LOW,4,7.0,,31.1,PASS,Intellectual disability,-,,-,,AR,-,-,-,-,13.97,1.342061,-,-,synonymous_variant,-,-,-,-,-,-,-,-,-,-,-,-,-,-,-,-,-
chr1:39838190,MACF1,ENSG00000127603,G,A,Heterozygous,HET,Gaa/Aaa,rs1180830457,"c.13246G>A,c.13150G>A,c.6949G>A,c.13135G>A,c.8455G>A","p.Glu4416Lys,p.Glu4384Lys,p.Glu2317Lys,p.Glu4379Lys,p.Glu2819Lys",-,E/K,-,-,-,LIKELY BENIGN,LB,MODERATE,6,21.0,,21.6,PASS,"Defects in Neuronal Migration and Axon Guidance, Posterior-predominant lissencephaly-broad flat pons and medulla-midline crossing defects syndrome",-,,-,,"AD,AR",-,-,-,-,23.3,3.848628,0.05668,".,0.0754,.,0.072,.",missense_variant,N,0.001202,"D,D,D,D,D,D,D,D","0.92814,0.73871,0.73871,0.676695,0.676695,0.73871,0.991277,0.676695",-,-,".,.,0.125,.,.",".,.,T,.,.",".,0.134,0.134,.,0.134",5.87,5.87,0.94266,-,0.000000e+00,-,-,-
chr1:39838157,MACF1,ENSG00000127603,C,T,Heterozygous,HET,Cta/Tta,-,-,-,-,L,-,-,-,UNCERTAIN SIGNIFICANCE,VUS,LOW,4,6.0,,13.7,PASS,"Posterior-predominant lissencephaly-broad flat pons and medulla-midline crossing defects syndrome, Defects in Neuronal Migration and Axon Guidance",-,,-,,"AD,AR",-,-,-,-,7.649,0.477484,-,-,synonymous_variant,-,-,-,-,-,-,-,-,-,-,-,-,-,-,-,-,-
chr1:46049849,NASP,ENSG00000132780,G,C,Heterozygous,HET,Gtc/Ctc,rs28365868,"c.31G>C,c.31G>C,c.31G>C,c.31G>C,c.31G>C,c.31G>C,c.31G>C,c.31G>C,c.31G>C,c.31G>C","p.Val11Leu,p.Val11Leu,p.Val11Leu,p.Val11Leu,p.Val11Leu,p.Val11Leu,p.Val11Leu,p.Val11Leu,p.Val11Leu,p.Val11Leu","NASP,NM_002482.3,c.31G>C",V/L,-,-,-,LIKELY BENIGN,LB,MODERATE,151,46.0,,52.1,PASS,-,-,,-,,AR,-,-,-,33363845,20.2,2.827700,0.45798,"0.1084,0.226,0.1826,0.1869,0.2073,0.122,0.2022,0.1543,0.1846,0.1161",missense_variant,-,-,"D,N,N,N,N","1,0.999924,0.990065,0.999716,0.999924",-,-,"0.419,0.1,0.052,0.336,0.805,0.352,0.268,0.37,0.039,0.413","T,T,T,T,T,T,T,T,D,T","0.033,0.033,0.033,0.033,0.033,0.033,0.033,0.033,.,0.033",3.9,1.63,0.22882,0.0062,2.544470e-03,0.002044989775051125,0.0015126832673958575,3.154e-03
chr1:46082330,CCDC17,ENSG00000159588,C,T,Heterozygous,HET,-,"rs41272133,COSV59647274",-,-,"NASP,NM_002482.3,c.2112C>T",-,-,-,-,UNCERTAIN SIGNIFICANCE,VUS,MODIFIER,13,37.0,,37.2,PASS,-,-,,-,,AR,-,-,-,-,8.282,0.541826,-,-,downstream_gene_variant,-,-,-,-,-,-,-,-,-,-,-,-,0.0062,-,-,-,-
chr1:171174437,FMO2,ENSG00000094963,G,A,Heterozygous,HET,Gta/Ata,rs775584941,c.847G>A,p.Val283Ile,-,V/I,-,-,-,LIKELY BENIGN,LB,MODERATE,5,20.0,,19.6,PASS,-,-,,-,,AD,-,-,-,-,2.331,0.040451,0.08560,0.0816,missense_variant,N,0.377493,"N,N","1,1",-,-,0.507,T,0.112,5.47,-5.14,0.02656,-,1.162090e-05,-,-,0
chr2:32476636,NLRC4,ENSG00000091106,G,A,Heterozygous,HET,-,rs199475952,-,-,-,-,-,-,-,LIKELY BENIGN,LB,MODIFIER,16,20.0,,20,PASS,"Periodic fever-infantile enterocolitis-autoinflammatory syndrome, NLRC4-related familial cold autoinflammatory syndrome","likely_benign,not_provided",,-,,AD,-,-,-,-,3.236,0.114144,-,-,intron_variant,-,-,-,-,-,-,-,-,-,-,-,-,-,-,-,-,-
chr1:41474347,CTPS1,ENSG00000171793,C,T,Heterozygous,HET,gaC/gaT,rs142122161,-,-,-,D,-,-,-,LIKELY BENIGN,LB,LOW,91,20.0,,19.9,PASS,Severe combined immunodeficiency due to CTPS1 deficiency,likely_benign,,-,,AD,-,-,-,-,6.626,0.380474,-,-,synonymous_variant,-,-,-,-,-,-,-,-,-,-,-,-,0.0002,-,-,-,-
chr1:39987190,BMP8A,ENSG00000183682,A,G,Homozygous,HOM,caA/caG,rs115627781,-,-,-,Q,-,-,-,UNCERTAIN SIGNIFICANCE,VUS,LOW,2,15.0,,20.5,PASS,-,-,,-,,AR,-,-,-,-,2.838,0.083415,-,-,synonymous_variant,-,-,-,-,-,-,-,-,-,-,-,-,-,-,-,-,-
chr2:27277668,AGBL5,ENSG00000084693,G,C,Heterozygous,HET,gGc/gCc,-,"c.722G>C,c.722G>C","p.Gly241Ala,p.Gly241Ala",-,G/A,-,-,-,UNCERTAIN SIGNIFICANCE,VUS,MODERATE,46,44.0,,46,PASS,Retinitis pigmentosa,-,,-,,AD,-,-,-,-,25.4,4.660274,0.57878,"0.2835,0.3708",missense_variant,D,0.000000,"D,D","1,1",-,-,"0.026,0.017","D,D","0.352,0.352",6.17,6.17,0.99707,-,-,-,-,-
chr1:151666871,SNX27,ENSG00000143376,A,G,Heterozygous,HET,-,-,-,-,-,-,-,-,-,LIKELY BENIGN,LB,MODIFIER,15,15.0,,14.8,PASS,-,-,,-,,AD,-,-,-,-,17.36,2.139431,-,-,downstream_gene_variant,-,-,-,-,-,-,-,-,-,-,-,-,-,-,-,-,-
chr2:61510339,USP34,ENSG00000115464,G,A,Homozygous,HOM,Ctt/Ttt,-,c.4939C>T,p.Leu1647Phe,-,L/F,-,-,-,UNCERTAIN SIGNIFICANCE,VUS,MODERATE,2,4.0,,15.7,PASS,-,-,,-,,AR,-,-,-,-,25.8,4.786615,0.65820,0.5277,missense_variant,D,0.000000,D,0.999986,-,-,0.006,D,0.213,5.73,5.73,0.89730,-,0.000000e+00,-,-,-
chr2:46707812,TMEM247,ENSG00000187600,G,A,Heterozygous,HET,-,"rs79819367,COSV71363483,COSV71363632",-,-,-,-,-,-,-,LIKELY BENIGN,LB,MODIFIER,271,46.0,,49.5,PASS,-,-,,-,,AD,-,-,-,-,27.9,5.266576,-,-,"intron_variant,non_coding_transcript_variant",-,-,-,-,-,-,-,-,-,-,-,-,-,-,-,-,-
chr1:95657174,TMEM56,ENSG00000152078,C,T,Heterozygous,HET,aCa/aTa,-,c.542C>T,p.Thr181Ile,-,T/I,-,-,-,UNCERTAIN SIGNIFICANCE,VUS,MODERATE,4,19.0,,19.1,PASS,-,-,,-,,AD,-,-,-,-,21.4,3.198984,0.66691,0.5478,missense_variant,D,0.000107,-,-,-,-,0.05,T,0.463,5.76,3.9,0.44240,-,-,-,-,-
chr1:13743057,PRAMEF20,ENSG00000204478,C,T,Heterozygous,HET,ctC/ctT,rs3103692,-,-,-,L,-,-,-,UNCERTAIN SIGNIFICANCE,VUS,LOW,601,44.0,,44.3,PASS,-,-,,-,,"AD,AR",-,-,-,-,2.339,0.041208,-,-,synonymous_variant,-,-,-,-,-,-,-,-,-,-,-,-,-,-,-,-,-
chr1:13747667,PRAMEF20,ENSG00000204478,C,T,Heterozygous,HET,acC/acT,"rs34262621,COSV57080825,COSV57081085",-,-,-,T,-,-,-,NOT AVAILABLE,,LOW,256,45.0,,46.1,PASS,-,-,,-,,"AD,AR",-,-,-,-,1.080,-0.112817,-,-,synonymous_variant,-,-,-,-,-,-,-,-,-,-,-,-,-,-,-,-,-
chr1:152279527,FLG,ENSG00000143631,T,C,Heterozygous,HET,gAc/gGc,"rs200423945,COSV64247395",c.7835A>G,p.Asp2612Gly,-,D/G,-,-,-,LIKELY BENIGN,LB,MODERATE,134,22.0,,26.1,PASS,"Dermatitis  atopic  2, Recessive X-linked ichthyosis, NON RARE IN EUROPE: Autosomal dominant ichthyosis vulgaris, ICHTHYOSIS VULGARIS",uncertain_significance,,"criteria_provided,_single_submitter",,AR,-,C0950123,-,-,2.296,0.037278,0.45569,0.2241,missense_variant,-,-,N,1,-,-,-,-,0.060,1.54,0.239,0.14746,-,-,-,-,1.819e-04
chr1:152281246,FLG,ENSG00000143631,T,G,Heterozygous,HET,tAc/tCc,"rs746728852,COSV64244315",c.6116A>C,p.Tyr2039Ser,-,Y/S,-,-,-,LIKELY BENIGN,LB,MODERATE,254,33.0,,33,PASS,"Dermatitis  atopic  2, ICHTHYOSIS VULGARIS, Recessive X-linked ichthyosis, NON RARE IN EUROPE: Autosomal dominant ichthyosis vulgaris",-,,-,,AR,-,-,-,-,0.349,-0.345523,0.00041,0.0444,missense_variant,-,-,N,1,-,-,-,-,0.029,3.53,1.58,0.22557,-,1.530510e-03,-,-,1.453e-03
chr1:147592885,NBPF24,ENSG00000203836,C,T,Heterozygous,HET,tGc/tAc,"rs1199265858,COSV65043117","c.782G>A,c.887G>A,c.887G>A,c.662G>A","p.Cys261Tyr,p.Cys296Tyr,p.Cys296Tyr,p.Cys221Tyr",-,C/Y,-,-,-,UNCERTAIN SIGNIFICANCE,VUS,MODERATE,56,17.0,,17.2,PASS,-,-,,-,,"AD,AR",-,-,-,-,11.34,0.906100,0.20741,"0.0983,0.0926,0.0912,0.1088",missense_variant,-,-,"N,N","1,1",-,-,"0.064,1.0,1.0,0.334","T,T,T,T",".,.,.,.",0.119,0.119,0.13989,-,5.768320e-02,-,-,-
chr1:147592886,NBPF24,ENSG00000203836,A,G,Heterozygous,HET,Tgc/Cgc,"rs74994984,COSV65043619","c.781T>C,c.886T>C,c.886T>C,c.661T>C","p.Cys261Arg,p.Cys296Arg,p.Cys296Arg,p.Cys221Arg",-,C/R,-,-,-,NOT AVAILABLE,,MODERATE,58,10.0,,10.2,PASS,-,-,,-,,"AD,AR",-,-,-,-,0.070,-0.703829,0.00114,"0.0489,0.0439,0.0468,0.049",missense_variant,-,-,"N,N","1,1",-,-,"0.675,0.906,0.906,0.681","T,T,T,T",".,.,.,.",0.119,-0.238,0.12411,-,5.725620e-02,-,-,-
chr2:27324240,CGREF1,ENSG00000138028,C,T,Heterozygous,HET,Gag/Aag,rs530537249,"c.859G>A,c.859G>A,c.808G>A,c.859G>A,c.1225G>A","p.Glu287Lys,p.Glu287Lys,p.Glu270Lys,p.Glu287Lys,p.Glu409Lys",-,E/K,-,-,-,LIKELY BENIGN,LB,MODERATE,401,40.0,,44.9,PASS,-,-,,-,,AD,-,-,-,-,11.35,0.908617,0.06250,".,0.0754,0.0705,0.0767,0.0765",missense_variant,N,0.820398,"N,N,N,N,N,N,N","1,1,1,1,1,0.999999,0.999999",-,-,"0.506,0.506,0.305,0.506,0.193","T,T,T,T,T","0.124,0.124,0.124,0.124,0.124",5.39,1.27,0.20595,0.0002,0.000000e+00,0.0,-,0
chr1:149763063,FCGR1A,ENSG00000150337,G,C,Heterozygous,HET,gGg/gCg,rs782489862,"c.833G>C,c.557G>C","p.Gly278Ala,p.Gly186Ala",-,G/A,-,-,-,LIKELY BENIGN,LB,MODERATE,118,24.0,,26.1,PASS,-,-,,-,,AD,-,-,-,-,0.272,-0.399461,0.03625,"0.0676,0.0704",missense_variant,-,-,"N,N,N,N","1,1,1,1",-,-,"0.457,0.482","T,T",".,.",3.32,-2.13,0.06745,-,2.785450e-04,-,-,-
chr2:1687860,PXDN,ENSG00000130508,G,A,Heterozygous,HET,ctC/ctT,rs1320356614,-,-,-,L,-,-,-,UNCERTAIN SIGNIFICANCE,VUS,LOW,10,27.0,,27,PASS,"Anterior segment dysgenesis 7  with sclerocornea, Congenital Cataract  Corneal Opacity  and Developmental Glaucoma, Congenital cataract microcornea with corneal opacity",-,,-,,AD,-,-,-,-,3.815,0.156535,-,-,synonymous_variant,-,-,-,-,-,-,-,-,-,-,-,-,-,-,-,-,-
chr1:247599324,NLRP3,ENSG00000162711,T,C,Heterozygous,HET,Ttg/Ctg,rs752487971,-,-,-,L,-,-,-,UNCERTAIN SIGNIFICANCE,VUS,LOW,83,38.0,,38.2,PASS,"Familial cold autoinflammatory syndrome, FAMILIAL COLD AUTOINFLAMMATORY SYNDROME 1, MUCKLE-WELLS SYNDROME, Chronic neurologic cutaneous and articular syndrome CINCA, Familial cold urticaria, CINCA SYNDROME",likely_benign,,-,ORPHA:1451,AD,-,-,-,-,0.811,-0.169687,-,-,synonymous_variant,-,-,-,-,-,-,-,-,-,-,-,-,-,-,-,-,-
chr1:13743057,PRAMEF20,ENSG00000204478,C,T,Heterozygous,HET,ctC/ctT,rs3103692,-,-,-,L,-,-,-,UNCERTAIN SIGNIFICANCE,VUS,LOW,601,44.0,,44.3,PASS,-,-,,-,,"AD,AR",-,-,-,-,2.339,0.041208,-,-,synonymous_variant,-,-,-,-,-,-,-,-,-,-,-,-,-,-,-,-,-
chr1:13747667,PRAMEF20,ENSG00000204478,C,T,Heterozygous,HET,acC/acT,"rs34262621,COSV57080825,COSV57081085",-,-,-,T,-,-,-,UNCERTAIN SIGNIFICANCE,VUS,LOW,256,45.0,,46.1,PASS,-,-,,-,,"AD,AR",-,-,-,-,1.080,-0.112817,-,-,synonymous_variant,-,-,-,-,-,-,-,-,-,-,-,-,-,-,-,-,-
chr1:85724301,C1orf52,ENSG00000162642,T,C,Heterozygous,HET,-,rs750735068,-,-,-,-,-,-,-,UNCERTAIN SIGNIFICANCE,VUS,MODIFIER,20,10.0,,10.5,PASS,-,-,,-,,AD,-,-,-,-,8.479,0.562490,-,-,non_coding_transcript_exon_variant,-,-,-,-,-,-,-,-,-,-,-,-,-,-,-,-,-
chr2:47378583,C2orf61,ENSG00000239605,T,G,Heterozygous,HET,gcA/gcC,-,-,-,-,A,-,-,-,UNCERTAIN SIGNIFICANCE,VUS,LOW,5,14.0,,13.9,PASS,-,-,,-,,AD,-,-,-,-,7.903,0.502961,-,-,synonymous_variant,-,-,-,-,-,-,-,-,-,-,-,-,-,-,-,-,-
chr2:67631103,ETAA1,ENSG00000143971,C,T,Homozygous,HOM,gCa/gTa,-,c.1289C>T,p.Ala430Val,-,A/V,-,-,-,LIKELY BENIGN,LB,MODERATE,4,6.0,,26.7,PASS,-,-,,-,,AR,-,-,-,-,0.694,-0.201255,0.13080,0.091,missense_variant,N,0.799495,N,1,-,-,0.323,T,0.005,5.69,-3.83,0.03988,-,-,-,-,-
chr1:225288516,DNAH14,ENSG00000185842,C,T,Heterozygous,HET,aCt/aTt,rs1379863821,"c.3797C>T,c.3797C>T","p.Thr1266Ile,p.Thr1266Ile",-,T/I,-,-,-,LIKELY BENIGN,LB,MODERATE,3,11.0,,10.7,PASS,DNAH14-related Neurodevelopmental disorder,-,,-,,AD,-,-,-,-,6.867,0.402607,-,".,.",missense_variant,-,-,"N,N,N","1,1,1",-,-,"0.371,0.371","T,T","0.065,0.065",5.79,-2.41,0.06184,-,0.000000e+00,-,-,-
chr2:95942732,PROM2,ENSG00000155066,G,A,Heterozygous,HET,aGc/aAc,rs760825176,"c.695G>A,c.695G>A,c.695G>A","p.Ser232Asn,p.Ser232Asn,p.Ser232Asn",-,S/N,-,-,-,LIKELY BENIGN,LB,MODERATE,114,41.0,,43.1,PASS,-,-,,-,,AD,-,-,-,-,1.496,-0.049307,0.08417,".,0.0813,0.0807",missense_variant,N,0.767193,"N,N,N,N","1,1,1,1",-,-,"0.741,0.741,0.741","T,T,T","0.029,0.029,0.029",4.96,-1.13,0.09274,-,1.592150e-05,-,-,0
chr1:3334515,PRDM16,ENSG00000142611,C,G,Heterozygous,HET,Ctc/Gtc,"rs150022595,COSV54609838","c.2818C>G,c.2815C>G,c.2815C>G,c.2815C>G,c.2239C>G","p.Leu940Val,p.Leu939Val,p.Leu939Val,p.Leu939Val,p.Leu747Val","PRDM16,NM_022114.3,c.2815C>A",L/V,-,-,-,LIKELY BENIGN,LB,MODERATE,93,41.0,,42.6,PASS,"pancreatic carcinoma, Acute myeloid leukemia, thyroid carcinoma, cecum adenocarcinoma, Breast carcinoma, ND, Ovarian Endometrioid Adenocarcinoma with Squamous Differentiation, gastric adenocarcinoma, Lung carcinoma, skin carcinoma, soft tissue sarcoma, Small Intestinal Diffuse Large B-Cell Lymphoma, Signet Ring Cell Gastric Adenocarcinoma, OSTEOSARCOMA, Breast Carcinoma by Gene Expression Profile, Testicular Teratoma, Submandibular Gland Adenoid Cystic Carcinoma, Hepatocellular Carcinoma, bladder transitional cell carcinoma, Clear cell renal carcinoma, Merkel cell skin cancer, Burkitts lymphoma, Ependymoma, Acute lymphoblastic leukemia, Hepatobiliary Neoplasm, prostate adenocarcinoma, cervical squamous cell carcinoma, Familial isolated dilated cardiomyopathy, neoplasm of mature B-cells, 1p36 deletion syndrome, oral squamous cell carcinoma, Chronic lymphocytic leukemia, angiosarcoma, squamous cell lung carcinoma, head and neck squamous cell carcinoma, colon adenocarcinoma, Brain Stem Glioblastoma, Left ventricular noncompaction, prostate carcinoma, pancreatic neuroendocrine tumor, large cell lung carcinoma, non-small cell lung carcinoma, Anaplastic astrocytoma, bile duct carcinoma, Uterine Carcinosarcoma, Small cell lung carcinoma, colorectal adenocarcinoma, MANTLE CELL LYMPHOMA, kidney neoplasm, Lung adenocarcinoma, Melanoma, lobular breast carcinoma, breast ductal adenocarcinoma, B-cell acute lymphoblastic leukemia, T-cell acute lymphoblastic leukemia, lymphoid neoplasm, Placental Choriocarcinoma, Medulloblastoma, brain glioblastoma, Colorectal adenoma, diffuse large B-cell lymphoma, large cell medulloblastoma, Endometrial Endometrioid Adenocarcinoma, pancreatic ductal adenocarcinoma, rectal adenocarcinoma, testicular mixed germ cell tumor, Neoplasm, thyroid neoplasm","uncertain_significance,benign,likely_benign",,"criteria_provided,_multiple_submitters,_no_conflicts",,AR,154 | 54260,C3809288 | CN169374 | C3661900 | C4551563,615373,-,23.3,3.855240,0.47965,"0.1695,0.177,0.1949,0.2452,0.1855",missense_variant,N,0.013108,"D,D,D,D,D,D,D,D","1,1,1,1,1,1,1,1",-,-,"0.061,0.053,0.118,0.055,0.122","T,T,T,T,T","0.131,0.131,0.131,0.131,0.131",4.74,4.74,0.59717,0.0010,2.551490e-04,0.0,-,1.844e-04
chr1:3329140,PRDM16,ENSG00000142611,G,A,Heterozygous,HET,tcG/tcA,rs368154998,-,-,"PRDM16,NM_022114.3,c.2379G>A",S,-,-,-,LIKELY BENIGN,LB,LOW,147,39.0,,44.2,PASS,"Lung adenocarcinoma, Melanoma, colorectal adenocarcinoma, MANTLE CELL LYMPHOMA, Small cell lung carcinoma, kidney neoplasm, T-cell acute lymphoblastic leukemia, brain glioblastoma, lymphoid neoplasm, Placental Choriocarcinoma, Medulloblastoma, breast ductal adenocarcinoma, lobular breast carcinoma, B-cell acute lymphoblastic leukemia, large cell medulloblastoma, diffuse large B-cell lymphoma, Endometrial Endometrioid Adenocarcinoma, Colorectal adenoma, thyroid neoplasm, pancreatic ductal adenocarcinoma, Neoplasm, testicular mixed germ cell tumor, rectal adenocarcinoma, squamous cell lung carcinoma, head and neck squamous cell carcinoma, colon adenocarcinoma, oral squamous cell carcinoma, Chronic lymphocytic leukemia, angiosarcoma, Brain Stem Glioblastoma, prostate carcinoma, Left ventricular noncompaction, Anaplastic astrocytoma, non-small cell lung carcinoma, large cell lung carcinoma, bile duct carcinoma, Uterine Carcinosarcoma, pancreatic neuroendocrine tumor, bladder transitional cell carcinoma, Merkel cell skin cancer, Clear cell renal carcinoma, Submandibular Gland Adenoid Cystic Carcinoma, Testicular Teratoma, Hepatocellular Carcinoma, Burkitts lymphoma, Acute lymphoblastic leukemia, Ependymoma, cervical squamous cell carcinoma, prostate adenocarcinoma, Hepatobiliary Neoplasm, 1p36 deletion syndrome, Familial isolated dilated cardiomyopathy, neoplasm of mature B-cells, cecum adenocarcinoma, thyroid carcinoma, ND, Breast carcinoma, Acute myeloid leukemia, pancreatic carcinoma, gastric adenocarcinoma, Ovarian Endometrioid Adenocarcinoma with Squamous Differentiation, skin carcinoma, soft tissue sarcoma, Small Intestinal Diffuse Large B-Cell Lymphoma, Lung carcinoma, Breast Carcinoma by Gene Expression Profile, OSTEOSARCOMA, Signet Ring Cell Gastric Adenocarcinoma",benign,,-,,AR,-,-,-,-,0.133,-0.555936,-,-,synonymous_variant,-,-,-,-,-,-,-,-,-,-,-,-,0.0020,-,-,-,-
chr2:20939789,C2orf43,ENSG00000118961,T,C,Heterozygous,HET,caA/caG,-,-,-,-,Q,-,-,-,UNCERTAIN SIGNIFICANCE,VUS,LOW,8,12.0,,12.4,PASS,-,-,,-,,AD,-,-,-,-,0.247,-0.420513,-,-,synonymous_variant,-,-,-,-,-,-,-,-,-,-,-,-,-,-,-,-,-
chr1:16074050,TMEM82,ENSG00000162460,T,C,Heterozygous,HET,Tcc/Ccc,rs754005595,c.955T>C,p.Ser319Pro,-,S/P,-,-,-,LIKELY BENIGN,LB,MODERATE,118,46.0,,46.5,PASS,-,-,,-,,AD,-,-,-,-,0.076,-0.683205,0.00780,0.0589,missense_variant,N,0.469892,N,1,-,-,0.3,T,0.033,3.44,-6.87,0.01511,-,0.000000e+00,-,-,0
chr1:230914779,CAPN9,ENSG00000135773,C,T,Heterozygous,HET,ccC/ccT,rs186852645,-,-,-,P,-,-,-,UNCERTAIN SIGNIFICANCE,VUS,LOW,104,46.0,,50,PASS,-,-,,-,,AD,-,-,-,-,0.081,-0.667997,-,-,synonymous_variant,-,-,-,-,-,-,-,-,-,-,-,-,0.0004,-,-,-,-
chr2:28764673,PLB1,ENSG00000163803,C,T,Heterozygous,HET,Cac/Tac,rs1672528395,"c.874C>T,c.907C>T","p.His292Tyr,p.His303Tyr",-,H/Y,-,-,-,LIKELY BENIGN,LB,MODERATE,25,38.0,,37.9,PASS,-,-,,-,,AD,-,-,-,-,0.113,-0.594190,0.06341,"0.0683,0.0769",missense_variant,N,0.054507,"N,N","1,1",-,-,"1.0,1.0","T,T","0.019,0.019",4.96,-3.85,0.03964,-,0.000000e+00,-,-,-
chr1:35453122,ZMYM6,ENSG00000163867,A,G,Homozygous,HOM,atT/atC,-,-,-,-,I,-,-,-,UNCERTAIN SIGNIFICANCE,VUS,LOW,2,5.0,,25.4,PASS,Intellectual disability,-,,-,,AR,-,-,-,-,4.393,0.198796,-,-,synonymous_variant,-,-,-,-,-,-,-,-,-,-,-,-,-,-,-,-,-
chr1:110735308,SLC6A17,ENSG00000197106,C,T,Heterozygous,HET,gaC/gaT,"rs151152223,COSV58994318",-,-,"SLC6A17,NM_001010898.2,c.1287C>T",D,-,-,-,LIKELY BENIGN,LB,LOW,215,41.0,,45.5,PASS,"MENTAL RETARDATION  AUTOSOMAL RECESSIVE 48, INTELLECTUAL DEVELOPMENTAL DISORDER  AUTOSOMAL RECESSIVE 48, Progressive essential tremor-speech impairment-facial dysmorphism-intellectual disability-abnormal behavior syndrome",likely_benign,,-,,AD,-,-,-,25741868,1.747,-0.018563,-,-,synonymous_variant,-,-,-,-,-,-,-,-,-,-,-,-,0.0004,-,-,-,-
chr1:147592885,NBPF24,ENSG00000203836,C,T,Heterozygous,HET,tGc/tAc,"rs1199265858,COSV65043117","c.782G>A,c.887G>A,c.887G>A,c.662G>A","p.Cys261Tyr,p.Cys296Tyr,p.Cys296Tyr,p.Cys221Tyr",-,C/Y,-,-,-,UNCERTAIN SIGNIFICANCE,VUS,MODERATE,56,17.0,,17.2,PASS,-,-,,-,,"AD,AR",-,-,-,-,11.34,0.906100,0.20741,"0.0983,0.0926,0.0912,0.1088",missense_variant,-,-,"N,N","1,1",-,-,"0.064,1.0,1.0,0.334","T,T,T,T",".,.,.,.",0.119,0.119,0.13989,-,5.768320e-02,-,-,-
chr1:147592886,NBPF24,ENSG00000203836,A,G,Heterozygous,HET,Tgc/Cgc,"rs74994984,COSV65043619","c.781T>C,c.886T>C,c.886T>C,c.661T>C","p.Cys261Arg,p.Cys296Arg,p.Cys296Arg,p.Cys221Arg",-,C/R,-,-,-,UNCERTAIN SIGNIFICANCE,VUS,MODERATE,58,10.0,,10.2,PASS,-,-,,-,,"AD,AR",-,-,-,-,0.070,-0.703829,0.00114,"0.0489,0.0439,0.0468,0.049",missense_variant,-,-,"N,N","1,1",-,-,"0.675,0.906,0.906,0.681","T,T,T,T",".,.,.,.",0.119,-0.238,0.12411,-,5.725620e-02,-,-,-
chr1:148252060,NBPF20,ENSG00000203832,C,T,Homozygous,HOM,Gga/Aga,"rs782769929,COSV65008134","c.3151G>A,c.2644G>A,c.3151G>A,c.2644G>A,c.2419G>A,c.2761G>A,c.2644G>A","p.Gly1051Arg,p.Gly882Arg,p.Gly1051Arg,p.Gly882Arg,p.Gly807Arg,p.Gly921Arg,p.Gly882Arg",-,G/R,-,-,-,LIKELY BENIGN,LB,MODERATE,13,40.0,,47.3,PASS,-,-,,-,,AR,-,-,-,-,0.078,-0.677845,0.14108,"0.0932,.,0.0837,0.0609,0.0663,0.0779,0.0614",missense_variant,-,-,-,-,-,-,"1.0,1.0,1.0,1.0,1.0,0.692,1.0","T,T,T,T,T,T,T",".,.,.,.,.,.,.",0.109,0.109,0.13884,-,3.000890e-02,-,-,0
chr1:148252103,NBPF20,ENSG00000203832,C,G,Homozygous,HOM,ctG/ctC,"rs782588870,COSV65007582",-,-,-,L,-,-,-,NOT AVAILABLE,,LOW,17,28.0,,41.1,PASS,-,-,,-,,AR,-,-,-,-,0.034,-0.882559,-,-,synonymous_variant,-,-,-,-,-,-,-,-,-,-,-,-,-,-,-,-,-
chr2:29366616,CLIP4,ENSG00000115295,A,C,Heterozygous,HET,ccA/ccC,rs1041257508,-,-,-,P,-,-,-,UNCERTAIN SIGNIFICANCE,VUS,LOW,59,40.0,,40.9,PASS,-,-,,-,,AD,-,-,-,-,0.057,-0.753000,-,-,synonymous_variant,-,-,-,-,-,-,-,-,-,-,-,-,-,-,-,-,-
